E101,Ram,Singh,ram.singh@gmail.com,45
E102,Shyam,Singh,shyam.singh@gmail.com,35
E103,Mohan,Reddy,mohan.reddy@gmail.com,39
E101,Suresh,Singh,ram.singh@gmail.com,46
E102,Shyam,Singh,shyam.singh@gmail.com,35
E103,Mohan,Reddy,mohan.reddy@gmail.com,39
E104,Ram,Singh,ram.singh@gmail.com,45
E102,Kishore,Singh,shyam.singh@gmail.com,35
E104,Mohan,Reddy,mohan.reddy@gmail.com,39
E101,Ram,Singh,ram.singh@gmail.com,45
E105,Shyam,Singh,shyam.singh@gmail.com,35
E103,Mohan,Reddy,mohan.reddy@gmail.com,33
E105,Ajay,Singh,ram.singh@gmail.com,45
E102,Shyam,Singh,shyam.singh@gmail.com,35
E103,Mohan,Reddy,mohan.reddy@gmail.com,39